game_id,team_id,season,season_type,game_date,days_rest,is_back_to_back
0000000541,1610612747,2025-26,Playoffs,2026-05-09,3,False
0000000542,1610612747,2025-26,Playoffs,2026-05-11,3,False
0000000543,1610612747,2025-26,Playoffs,2026-05-13,3,False
0000000544,1610612747,2025-26,Playoffs,2026-05-15,3,False
0000000545,1610612747,2025-26,Playoffs,2026-05-17,3,False
0000000546,1610612747,2025-26,Playoffs,2026-05-19,3,False
0000000541,1610612743,2025-26,Playoffs,2026-05-09,3,False
0000000542,1610612743,2025-26,Playoffs,2026-05-11,3,False
0000000543,1610612743,2025-26,Playoffs,2026-05-13,3,False
0000000544,1610612743,2025-26,Playoffs,2026-05-15,3,False
0000000545,1610612743,2025-26,Playoffs,2026-05-17,3,False
0000000546,1610612743,2025-26,Playoffs,2026-05-19,3,False
