game_id,season,season_type,game_date,is_final,home_team_id,away_team_id,site_type,neutral_site,home_away_designation_trusted,home_away_source
0000000361,2025-26,Regular Season,2025-10-21,True,1610612747,1610612744,home_away,False,True,fixture
0000000362,2025-26,Regular Season,2025-10-23,True,1610612747,1610612743,home_away,False,True,fixture
0000000363,2025-26,Regular Season,2025-10-25,True,1610612747,1610612738,home_away,False,True,fixture
0000000364,2025-26,Regular Season,2025-10-27,True,1610612747,1610612752,home_away,False,True,fixture
0000000365,2025-26,Regular Season,2025-10-29,True,1610612747,1610612748,home_away,False,True,fixture
0000000366,2025-26,Regular Season,2025-10-31,True,1610612744,1610612747,home_away,False,True,fixture
0000000367,2025-26,Regular Season,2025-11-02,True,1610612744,1610612743,home_away,False,True,fixture
0000000368,2025-26,Regular Season,2025-11-04,True,1610612744,1610612738,home_away,False,True,fixture
0000000369,2025-26,Regular Season,2025-11-06,True,1610612744,1610612752,home_away,False,True,fixture
0000000370,2025-26,Regular Season,2025-11-08,True,1610612744,1610612748,home_away,False,True,fixture
0000000371,2025-26,Regular Season,2025-11-10,True,1610612743,1610612747,home_away,False,True,fixture
0000000372,2025-26,Regular Season,2025-11-12,True,1610612743,1610612744,home_away,False,True,fixture
0000000373,2025-26,Regular Season,2025-11-14,True,1610612743,1610612738,home_away,False,True,fixture
0000000374,2025-26,Regular Season,2025-11-16,True,1610612743,1610612752,home_away,False,True,fixture
0000000375,2025-26,Regular Season,2025-11-18,True,1610612743,1610612748,home_away,False,True,fixture
0000000376,2025-26,Regular Season,2025-11-20,True,1610612738,1610612747,home_away,False,True,fixture
0000000377,2025-26,Regular Season,2025-11-22,True,1610612738,1610612744,home_away,False,True,fixture
0000000378,2025-26,Regular Season,2025-11-24,True,1610612738,1610612743,home_away,False,True,fixture
0000000379,2025-26,Regular Season,2025-11-26,True,1610612738,1610612752,home_away,False,True,fixture
0000000380,2025-26,Regular Season,2025-11-28,True,1610612738,1610612748,home_away,False,True,fixture
0000000381,2025-26,Regular Season,2025-11-30,True,1610612752,1610612747,home_away,False,True,fixture
0000000382,2025-26,Regular Season,2025-12-02,True,1610612752,1610612744,home_away,False,True,fixture
0000000383,2025-26,Regular Season,2025-12-04,True,1610612752,1610612743,home_away,False,True,fixture
0000000384,2025-26,Regular Season,2025-12-06,True,1610612752,1610612738,home_away,False,True,fixture
0000000385,2025-26,Regular Season,2025-12-08,True,1610612752,1610612748,home_away,False,True,fixture
0000000386,2025-26,Regular Season,2025-12-10,True,1610612748,1610612747,home_away,False,True,fixture
0000000387,2025-26,Regular Season,2025-12-12,True,1610612748,1610612744,home_away,False,True,fixture
0000000388,2025-26,Regular Season,2025-12-14,True,1610612748,1610612743,home_away,False,True,fixture
0000000389,2025-26,Regular Season,2025-12-16,True,1610612748,1610612738,home_away,False,True,fixture
0000000390,2025-26,Regular Season,2025-12-18,True,1610612748,1610612752,home_away,False,True,fixture
0000000391,2025-26,Regular Season,2025-12-20,True,1610612747,1610612744,home_away,False,True,fixture
0000000392,2025-26,Regular Season,2025-12-22,True,1610612747,1610612743,home_away,False,True,fixture
0000000393,2025-26,Regular Season,2025-12-24,True,1610612747,1610612738,home_away,False,True,fixture
0000000394,2025-26,Regular Season,2025-12-26,True,1610612747,1610612752,home_away,False,True,fixture
0000000395,2025-26,Regular Season,2025-12-28,True,1610612747,1610612748,home_away,False,True,fixture
0000000396,2025-26,Regular Season,2025-12-30,True,1610612744,1610612747,home_away,False,True,fixture
0000000397,2025-26,Regular Season,2026-01-01,True,1610612744,1610612743,home_away,False,True,fixture
0000000398,2025-26,Regular Season,2026-01-03,True,1610612744,1610612738,home_away,False,True,fixture
0000000399,2025-26,Regular Season,2026-01-05,True,1610612744,1610612752,home_away,False,True,fixture
0000000400,2025-26,Regular Season,2026-01-07,True,1610612744,1610612748,home_away,False,True,fixture
0000000401,2025-26,Regular Season,2026-01-09,True,1610612743,1610612747,home_away,False,True,fixture
0000000402,2025-26,Regular Season,2026-01-11,True,1610612743,1610612744,home_away,False,True,fixture
0000000403,2025-26,Regular Season,2026-01-13,True,1610612743,1610612738,home_away,False,True,fixture
0000000404,2025-26,Regular Season,2026-01-15,True,1610612743,1610612752,home_away,False,True,fixture
0000000405,2025-26,Regular Season,2026-01-17,True,1610612743,1610612748,home_away,False,True,fixture
0000000406,2025-26,Regular Season,2026-01-19,True,1610612738,1610612747,home_away,False,True,fixture
0000000407,2025-26,Regular Season,2026-01-21,True,1610612738,1610612744,home_away,False,True,fixture
0000000408,2025-26,Regular Season,2026-01-23,True,1610612738,1610612743,home_away,False,True,fixture
0000000409,2025-26,Regular Season,2026-01-25,True,1610612738,1610612752,home_away,False,True,fixture
0000000410,2025-26,Regular Season,2026-01-27,True,1610612738,1610612748,home_away,False,True,fixture
0000000411,2025-26,Regular Season,2026-01-29,True,1610612752,1610612747,home_away,False,True,fixture
0000000412,2025-26,Regular Season,2026-01-31,True,1610612752,1610612744,home_away,False,True,fixture
0000000413,2025-26,Regular Season,2026-02-02,True,1610612752,1610612743,home_away,False,True,fixture
0000000414,2025-26,Regular Season,2026-02-04,True,1610612752,1610612738,home_away,False,True,fixture
0000000415,2025-26,Regular Season,2026-02-06,True,1610612752,1610612748,home_away,False,True,fixture
0000000416,2025-26,Regular Season,2026-02-08,True,1610612748,1610612747,home_away,False,True,fixture
0000000417,2025-26,Regular Season,2026-02-10,True,1610612748,1610612744,home_away,False,True,fixture
0000000418,2025-26,Regular Season,2026-02-12,True,1610612748,1610612743,home_away,False,True,fixture
0000000419,2025-26,Regular Season,2026-02-14,True,1610612748,1610612738,home_away,False,True,fixture
0000000420,2025-26,Regular Season,2026-02-16,True,1610612748,1610612752,home_away,False,True,fixture
0000000421,2025-26,Regular Season,2026-02-18,True,1610612747,1610612744,home_away,False,True,fixture
0000000422,2025-26,Regular Season,2026-02-20,True,1610612747,1610612743,home_away,False,True,fixture
0000000423,2025-26,Regular Season,2026-02-22,True,1610612747,1610612738,home_away,False,True,fixture
0000000424,2025-26,Regular Season,2026-02-24,True,1610612747,1610612752,home_away,False,True,fixture
0000000425,2025-26,Regular Season,2026-02-26,True,1610612747,1610612748,home_away,False,True,fixture
0000000426,2025-26,Regular Season,2026-02-28,True,1610612744,1610612747,home_away,False,True,fixture
0000000427,2025-26,Regular Season,2026-03-02,True,1610612744,1610612743,home_away,False,True,fixture
0000000428,2025-26,Regular Season,2026-03-04,True,1610612744,1610612738,home_away,False,True,fixture
0000000429,2025-26,Regular Season,2026-03-06,True,1610612744,1610612752,home_away,False,True,fixture
0000000430,2025-26,Regular Season,2026-03-08,True,1610612744,1610612748,home_away,False,True,fixture
0000000431,2025-26,Regular Season,2026-03-10,True,1610612743,1610612747,home_away,False,True,fixture
0000000432,2025-26,Regular Season,2026-03-12,True,1610612743,1610612744,home_away,False,True,fixture
0000000433,2025-26,Regular Season,2026-03-14,True,1610612743,1610612738,home_away,False,True,fixture
0000000434,2025-26,Regular Season,2026-03-16,True,1610612743,1610612752,home_away,False,True,fixture
0000000435,2025-26,Regular Season,2026-03-18,True,1610612743,1610612748,home_away,False,True,fixture
0000000436,2025-26,Regular Season,2026-03-20,True,1610612738,1610612747,home_away,False,True,fixture
0000000437,2025-26,Regular Season,2026-03-22,True,1610612738,1610612744,home_away,False,True,fixture
0000000438,2025-26,Regular Season,2026-03-24,True,1610612738,1610612743,home_away,False,True,fixture
0000000439,2025-26,Regular Season,2026-03-26,True,1610612738,1610612752,home_away,False,True,fixture
0000000440,2025-26,Regular Season,2026-03-28,True,1610612738,1610612748,home_away,False,True,fixture
0000000441,2025-26,Regular Season,2026-03-30,True,1610612752,1610612747,home_away,False,True,fixture
0000000442,2025-26,Regular Season,2026-04-01,True,1610612752,1610612744,home_away,False,True,fixture
0000000443,2025-26,Regular Season,2026-04-03,True,1610612752,1610612743,home_away,False,True,fixture
0000000444,2025-26,Regular Season,2026-04-05,True,1610612752,1610612738,home_away,False,True,fixture
0000000445,2025-26,Regular Season,2026-04-07,True,1610612752,1610612748,home_away,False,True,fixture
0000000446,2025-26,Regular Season,2026-04-09,True,1610612748,1610612747,home_away,False,True,fixture
0000000447,2025-26,Regular Season,2026-04-11,True,1610612748,1610612744,home_away,False,True,fixture
0000000448,2025-26,Regular Season,2026-04-13,True,1610612748,1610612743,home_away,False,True,fixture
0000000449,2025-26,Regular Season,2026-04-15,True,1610612748,1610612738,home_away,False,True,fixture
0000000450,2025-26,Regular Season,2026-04-17,True,1610612748,1610612752,home_away,False,True,fixture
0000000451,2025-26,Regular Season,2026-04-19,True,1610612747,1610612744,home_away,False,True,fixture
0000000452,2025-26,Regular Season,2026-04-21,True,1610612747,1610612743,home_away,False,True,fixture
0000000453,2025-26,Regular Season,2026-04-23,True,1610612747,1610612738,home_away,False,True,fixture
0000000454,2025-26,Regular Season,2026-04-25,True,1610612747,1610612752,home_away,False,True,fixture
0000000455,2025-26,Regular Season,2026-04-27,True,1610612747,1610612748,home_away,False,True,fixture
0000000456,2025-26,Regular Season,2026-04-29,True,1610612744,1610612747,home_away,False,True,fixture
0000000457,2025-26,Regular Season,2026-05-01,True,1610612744,1610612743,home_away,False,True,fixture
0000000458,2025-26,Regular Season,2026-05-03,True,1610612744,1610612738,home_away,False,True,fixture
0000000459,2025-26,Regular Season,2026-05-05,True,1610612744,1610612752,home_away,False,True,fixture
0000000460,2025-26,Regular Season,2026-05-07,True,1610612744,1610612748,home_away,False,True,fixture
0000000461,2025-26,Regular Season,2026-05-09,True,1610612743,1610612747,home_away,False,True,fixture
0000000462,2025-26,Regular Season,2026-05-11,True,1610612743,1610612744,home_away,False,True,fixture
0000000463,2025-26,Regular Season,2026-05-13,True,1610612743,1610612738,home_away,False,True,fixture
0000000464,2025-26,Regular Season,2026-05-15,True,1610612743,1610612752,home_away,False,True,fixture
0000000465,2025-26,Regular Season,2026-05-17,True,1610612743,1610612748,home_away,False,True,fixture
0000000466,2025-26,Regular Season,2026-05-19,True,1610612738,1610612747,home_away,False,True,fixture
0000000467,2025-26,Regular Season,2026-05-21,True,1610612738,1610612744,home_away,False,True,fixture
0000000468,2025-26,Regular Season,2026-05-23,True,1610612738,1610612743,home_away,False,True,fixture
0000000469,2025-26,Regular Season,2026-05-25,True,1610612738,1610612752,home_away,False,True,fixture
0000000470,2025-26,Regular Season,2026-05-27,True,1610612738,1610612748,home_away,False,True,fixture
0000000471,2025-26,Regular Season,2026-05-29,True,1610612752,1610612747,home_away,False,True,fixture
0000000472,2025-26,Regular Season,2026-05-31,True,1610612752,1610612744,home_away,False,True,fixture
0000000473,2025-26,Regular Season,2026-06-02,True,1610612752,1610612743,home_away,False,True,fixture
0000000474,2025-26,Regular Season,2026-06-04,True,1610612752,1610612738,home_away,False,True,fixture
0000000475,2025-26,Regular Season,2026-06-06,True,1610612752,1610612748,home_away,False,True,fixture
0000000476,2025-26,Regular Season,2026-06-08,True,1610612748,1610612747,home_away,False,True,fixture
0000000477,2025-26,Regular Season,2026-06-10,True,1610612748,1610612744,home_away,False,True,fixture
0000000478,2025-26,Regular Season,2026-06-12,True,1610612748,1610612743,home_away,False,True,fixture
0000000479,2025-26,Regular Season,2026-06-14,True,1610612748,1610612738,home_away,False,True,fixture
0000000480,2025-26,Regular Season,2026-06-16,True,1610612748,1610612752,home_away,False,True,fixture
0000000481,2025-26,Regular Season,2026-06-18,True,1610612747,1610612744,home_away,False,True,fixture
0000000482,2025-26,Regular Season,2026-06-20,True,1610612747,1610612743,home_away,False,True,fixture
0000000483,2025-26,Regular Season,2026-06-22,True,1610612747,1610612738,home_away,False,True,fixture
0000000484,2025-26,Regular Season,2026-06-24,True,1610612747,1610612752,home_away,False,True,fixture
0000000485,2025-26,Regular Season,2026-06-26,True,1610612747,1610612748,home_away,False,True,fixture
0000000486,2025-26,Regular Season,2026-06-28,True,1610612744,1610612747,home_away,False,True,fixture
0000000487,2025-26,Regular Season,2026-06-30,True,1610612744,1610612743,home_away,False,True,fixture
0000000488,2025-26,Regular Season,2026-07-02,True,1610612744,1610612738,home_away,False,True,fixture
0000000489,2025-26,Regular Season,2026-07-04,True,1610612744,1610612752,home_away,False,True,fixture
0000000490,2025-26,Regular Season,2026-07-06,True,1610612744,1610612748,home_away,False,True,fixture
0000000491,2025-26,Regular Season,2026-07-08,True,1610612743,1610612747,home_away,False,True,fixture
0000000492,2025-26,Regular Season,2026-07-10,True,1610612743,1610612744,home_away,False,True,fixture
0000000493,2025-26,Regular Season,2026-07-12,True,1610612743,1610612738,home_away,False,True,fixture
0000000494,2025-26,Regular Season,2026-07-14,True,1610612743,1610612752,home_away,False,True,fixture
0000000495,2025-26,Regular Season,2026-07-16,True,1610612743,1610612748,home_away,False,True,fixture
0000000496,2025-26,Regular Season,2026-07-18,True,1610612738,1610612747,home_away,False,True,fixture
0000000497,2025-26,Regular Season,2026-07-20,True,1610612738,1610612744,home_away,False,True,fixture
0000000498,2025-26,Regular Season,2026-07-22,True,1610612738,1610612743,home_away,False,True,fixture
0000000499,2025-26,Regular Season,2026-07-24,True,1610612738,1610612752,home_away,False,True,fixture
0000000500,2025-26,Regular Season,2026-07-26,True,1610612738,1610612748,home_away,False,True,fixture
0000000501,2025-26,Regular Season,2026-07-28,True,1610612752,1610612747,home_away,False,True,fixture
0000000502,2025-26,Regular Season,2026-07-30,True,1610612752,1610612744,home_away,False,True,fixture
0000000503,2025-26,Regular Season,2026-08-01,True,1610612752,1610612743,home_away,False,True,fixture
0000000504,2025-26,Regular Season,2026-08-03,True,1610612752,1610612738,home_away,False,True,fixture
0000000505,2025-26,Regular Season,2026-08-05,True,1610612752,1610612748,home_away,False,True,fixture
0000000506,2025-26,Regular Season,2026-08-07,True,1610612748,1610612747,home_away,False,True,fixture
0000000507,2025-26,Regular Season,2026-08-09,True,1610612748,1610612744,home_away,False,True,fixture
0000000508,2025-26,Regular Season,2026-08-11,True,1610612748,1610612743,home_away,False,True,fixture
0000000509,2025-26,Regular Season,2026-08-13,True,1610612748,1610612738,home_away,False,True,fixture
0000000510,2025-26,Regular Season,2026-08-15,True,1610612748,1610612752,home_away,False,True,fixture
0000000511,2025-26,Regular Season,2026-08-17,True,1610612747,1610612744,home_away,False,True,fixture
0000000512,2025-26,Regular Season,2026-08-19,True,1610612747,1610612743,home_away,False,True,fixture
0000000513,2025-26,Regular Season,2026-08-21,True,1610612747,1610612738,home_away,False,True,fixture
0000000514,2025-26,Regular Season,2026-08-23,True,1610612747,1610612752,home_away,False,True,fixture
0000000515,2025-26,Regular Season,2026-08-25,True,1610612747,1610612748,home_away,False,True,fixture
0000000516,2025-26,Regular Season,2026-08-27,True,1610612744,1610612747,home_away,False,True,fixture
0000000517,2025-26,Regular Season,2026-08-29,True,1610612744,1610612743,home_away,False,True,fixture
0000000518,2025-26,Regular Season,2026-08-31,True,1610612744,1610612738,home_away,False,True,fixture
0000000519,2025-26,Regular Season,2026-09-02,True,1610612744,1610612752,home_away,False,True,fixture
0000000520,2025-26,Regular Season,2026-09-04,True,1610612744,1610612748,home_away,False,True,fixture
0000000521,2025-26,Regular Season,2026-09-06,True,1610612743,1610612747,home_away,False,True,fixture
0000000522,2025-26,Regular Season,2026-09-08,True,1610612743,1610612744,home_away,False,True,fixture
0000000523,2025-26,Regular Season,2026-09-10,True,1610612743,1610612738,home_away,False,True,fixture
0000000524,2025-26,Regular Season,2026-09-12,True,1610612743,1610612752,home_away,False,True,fixture
0000000525,2025-26,Regular Season,2026-09-14,True,1610612743,1610612748,home_away,False,True,fixture
0000000526,2025-26,Regular Season,2026-09-16,True,1610612738,1610612747,home_away,False,True,fixture
0000000527,2025-26,Regular Season,2026-09-18,True,1610612738,1610612744,home_away,False,True,fixture
0000000528,2025-26,Regular Season,2026-09-20,True,1610612738,1610612743,home_away,False,True,fixture
0000000529,2025-26,Regular Season,2026-09-22,True,1610612738,1610612752,home_away,False,True,fixture
0000000530,2025-26,Regular Season,2026-09-24,True,1610612738,1610612748,home_away,False,True,fixture
0000000531,2025-26,Regular Season,2026-09-26,True,1610612752,1610612747,home_away,False,True,fixture
0000000532,2025-26,Regular Season,2026-09-28,True,1610612752,1610612744,home_away,False,True,fixture
0000000533,2025-26,Regular Season,2026-09-30,True,1610612752,1610612743,home_away,False,True,fixture
0000000534,2025-26,Regular Season,2026-10-02,True,1610612752,1610612738,home_away,False,True,fixture
0000000535,2025-26,Regular Season,2026-10-04,True,1610612752,1610612748,home_away,False,True,fixture
0000000536,2025-26,Regular Season,2026-10-06,True,1610612748,1610612747,home_away,False,True,fixture
0000000537,2025-26,Regular Season,2026-10-08,True,1610612748,1610612744,home_away,False,True,fixture
0000000538,2025-26,Regular Season,2026-10-10,True,1610612748,1610612743,home_away,False,True,fixture
0000000539,2025-26,Regular Season,2026-10-12,True,1610612748,1610612738,home_away,False,True,fixture
0000000540,2025-26,Regular Season,2026-10-14,True,1610612748,1610612752,home_away,False,True,fixture
