game_id,team_id,player_id,season,season_type,game_date,minutes_last_5,pts_last_5
0000000541,1610612747,2544,2025-26,Playoffs,2026-05-09,19.2,27.0
0000000542,1610612747,2544,2025-26,Playoffs,2026-05-11,26.6,26.5
0000000543,1610612747,2544,2025-26,Playoffs,2026-05-13,26.6,23.3
0000000544,1610612747,2544,2025-26,Playoffs,2026-05-15,24.8,27.0
0000000545,1610612747,2544,2025-26,Playoffs,2026-05-17,23.7,26.6
0000000546,1610612747,2544,2025-26,Playoffs,2026-05-19,26.2,26.8
0000000541,1610612747,1629029,2025-26,Playoffs,2026-05-09,20.8,29.0
0000000542,1610612747,1629029,2025-26,Playoffs,2026-05-11,21.2,27.5
0000000543,1610612747,1629029,2025-26,Playoffs,2026-05-13,20.2,29.3
0000000544,1610612747,1629029,2025-26,Playoffs,2026-05-15,22.9,28.5
0000000545,1610612747,1629029,2025-26,Playoffs,2026-05-17,25.9,26.4
0000000546,1610612747,1629029,2025-26,Playoffs,2026-05-19,26.0,25.4
0000000541,1610612747,203076,2025-26,Playoffs,2026-05-09,31.0,30.0
0000000542,1610612747,203076,2025-26,Playoffs,2026-05-11,28.1,25.5
0000000543,1610612747,203076,2025-26,Playoffs,2026-05-13,30.3,26.7
0000000544,1610612747,203076,2025-26,Playoffs,2026-05-15,32.2,25.2
0000000545,1610612747,203076,2025-26,Playoffs,2026-05-17,29.5,25.0
0000000546,1610612747,203076,2025-26,Playoffs,2026-05-19,29.1,24.0
0000000541,1610612747,1630559,2025-26,Playoffs,2026-05-09,26.1,18.0
0000000542,1610612747,1630559,2025-26,Playoffs,2026-05-11,25.1,18.5
0000000543,1610612747,1630559,2025-26,Playoffs,2026-05-13,24.6,18.0
0000000544,1610612747,1630559,2025-26,Playoffs,2026-05-15,24.9,15.5
0000000545,1610612747,1630559,2025-26,Playoffs,2026-05-17,26.5,14.2
0000000546,1610612747,1630559,2025-26,Playoffs,2026-05-19,25.3,14.2
0000000541,1610612747,1626156,2025-26,Playoffs,2026-05-09,18.8,14.0
0000000542,1610612747,1626156,2025-26,Playoffs,2026-05-11,23.0,13.5
0000000543,1610612747,1626156,2025-26,Playoffs,2026-05-13,26.7,15.7
0000000544,1610612747,1626156,2025-26,Playoffs,2026-05-15,25.2,11.8
0000000545,1610612747,1626156,2025-26,Playoffs,2026-05-17,24.0,10.8
0000000546,1610612747,1626156,2025-26,Playoffs,2026-05-19,27.8,11.2
0000000541,1610612747,1629020,2025-26,Playoffs,2026-05-09,33.6,6.0
0000000542,1610612747,1629020,2025-26,Playoffs,2026-05-11,30.0,7.5
0000000543,1610612747,1629020,2025-26,Playoffs,2026-05-13,30.6,7.3
0000000544,1610612747,1629020,2025-26,Playoffs,2026-05-15,28.0,6.5
0000000545,1610612747,1629020,2025-26,Playoffs,2026-05-17,26.3,8.4
0000000546,1610612747,1629020,2025-26,Playoffs,2026-05-19,26.5,10.2
0000000541,1610612743,203999,2025-26,Playoffs,2026-05-09,26.9,39.0
0000000542,1610612743,203999,2025-26,Playoffs,2026-05-11,29.8,30.0
0000000543,1610612743,203999,2025-26,Playoffs,2026-05-13,30.0,31.0
0000000544,1610612743,203999,2025-26,Playoffs,2026-05-15,30.3,30.5
0000000545,1610612743,203999,2025-26,Playoffs,2026-05-17,28.2,27.4
0000000546,1610612743,203999,2025-26,Playoffs,2026-05-19,29.8,23.4
0000000541,1610612743,1627750,2025-26,Playoffs,2026-05-09,30.1,22.0
0000000542,1610612743,1627750,2025-26,Playoffs,2026-05-11,33.2,24.0
0000000543,1610612743,1627750,2025-26,Playoffs,2026-05-13,30.0,21.7
0000000544,1610612743,1627750,2025-26,Playoffs,2026-05-15,27.4,23.2
0000000545,1610612743,1627750,2025-26,Playoffs,2026-05-17,27.7,22.0
0000000546,1610612743,1627750,2025-26,Playoffs,2026-05-19,28.4,23.0
0000000541,1610612743,1628420,2025-26,Playoffs,2026-05-09,21.2,4.0
0000000542,1610612743,1628420,2025-26,Playoffs,2026-05-11,20.1,12.0
0000000543,1610612743,1628420,2025-26,Playoffs,2026-05-13,21.0,13.3
0000000544,1610612743,1628420,2025-26,Playoffs,2026-05-15,22.4,15.5
0000000545,1610612743,1628420,2025-26,Playoffs,2026-05-17,24.5,15.4
0000000546,1610612743,1628420,2025-26,Playoffs,2026-05-19,24.0,18.4
0000000541,1610612743,1630166,2025-26,Playoffs,2026-05-09,20.5,2.0
0000000542,1610612743,1630166,2025-26,Playoffs,2026-05-11,28.3,1.0
0000000543,1610612743,1630166,2025-26,Playoffs,2026-05-13,27.3,4.0
0000000544,1610612743,1630166,2025-26,Playoffs,2026-05-15,25.8,4.5
0000000545,1610612743,1630166,2025-26,Playoffs,2026-05-17,25.5,6.4
0000000546,1610612743,1630166,2025-26,Playoffs,2026-05-19,27.7,6.8
0000000541,1610612743,203914,2025-26,Playoffs,2026-05-09,31.3,8.0
0000000542,1610612743,203914,2025-26,Playoffs,2026-05-11,25.1,11.5
0000000543,1610612743,203914,2025-26,Playoffs,2026-05-13,27.0,11.0
0000000544,1610612743,203914,2025-26,Playoffs,2026-05-15,27.3,10.5
0000000545,1610612743,203914,2025-26,Playoffs,2026-05-17,27.1,10.6
0000000546,1610612743,203914,2025-26,Playoffs,2026-05-19,25.5,12.2
0000000541,1610612743,1631128,2025-26,Playoffs,2026-05-09,30.2,0.0
0000000542,1610612743,1631128,2025-26,Playoffs,2026-05-11,25.0,1.0
0000000543,1610612743,1631128,2025-26,Playoffs,2026-05-13,24.8,1.3
0000000544,1610612743,1631128,2025-26,Playoffs,2026-05-15,23.3,3.5
0000000545,1610612743,1631128,2025-26,Playoffs,2026-05-17,23.8,2.8
0000000546,1610612743,1631128,2025-26,Playoffs,2026-05-19,22.4,2.8
