game_id,team_id,team_abbr,team_name,season,season_type,game_date,opponent_team_id,opponent_team_abbr,opponent_team_name,is_home,is_away,wl,minutes,pts,fgm,fga,fg3m,fg3a,ftm,fta,oreb,dreb,reb,ast,stl,blk,tov,pf,plus_minus
0000000541,1610612747,LAL,Los Angeles Lakers,2025-26,Playoffs,2026-05-09,1610612743,DEN,Denver Nuggets,True,False,W,240.0,124,47,82,7,21,11,17,13,27,40,23,9,14,11,12,49
0000000541,1610612743,DEN,Denver Nuggets,2025-26,Playoffs,2026-05-09,1610612747,LAL,Los Angeles Lakers,False,True,L,240.0,75,37,66,17,27,9,21,7,19,26,17,11,9,18,17,-49
0000000542,1610612743,DEN,Denver Nuggets,2025-26,Playoffs,2026-05-11,1610612747,LAL,Los Angeles Lakers,True,False,L,240.0,84,36,64,7,17,13,22,6,21,27,24,7,9,9,11,-30
0000000542,1610612747,LAL,Los Angeles Lakers,2025-26,Playoffs,2026-05-11,1610612743,DEN,Denver Nuggets,False,True,W,240.0,114,44,83,19,32,13,24,10,30,40,25,10,6,12,9,30
0000000543,1610612747,LAL,Los Angeles Lakers,2025-26,Playoffs,2026-05-13,1610612743,DEN,Denver Nuggets,True,False,W,240.0,123,46,78,4,15,6,17,10,21,31,25,10,10,12,21,35
0000000543,1610612743,DEN,Denver Nuggets,2025-26,Playoffs,2026-05-13,1610612747,LAL,Los Angeles Lakers,False,True,L,240.0,88,41,74,13,35,22,35,10,17,27,19,13,13,11,10,-35
0000000544,1610612743,DEN,Denver Nuggets,2025-26,Playoffs,2026-05-15,1610612747,LAL,Los Angeles Lakers,True,False,W,240.0,104,49,80,24,42,5,10,14,32,46,24,15,11,22,13,7
0000000544,1610612747,LAL,Los Angeles Lakers,2025-26,Playoffs,2026-05-15,1610612743,DEN,Denver Nuggets,False,True,L,240.0,97,50,84,19,33,5,15,13,15,28,25,14,10,17,20,-7
0000000545,1610612747,LAL,Los Angeles Lakers,2025-26,Playoffs,2026-05-17,1610612743,DEN,Denver Nuggets,True,False,W,240.0,99,37,72,16,33,14,26,9,31,40,29,11,9,15,17,27
0000000545,1610612743,DEN,Denver Nuggets,2025-26,Playoffs,2026-05-17,1610612747,LAL,Los Angeles Lakers,False,True,L,240.0,72,32,69,15,30,10,27,6,21,27,16,11,10,20,20,-27
0000000546,1610612743,DEN,Denver Nuggets,2025-26,Playoffs,2026-05-19,1610612747,LAL,Los Angeles Lakers,True,False,L,240.0,85,37,70,13,34,17,33,8,14,22,27,13,5,20,16,-41
0000000546,1610612747,LAL,Los Angeles Lakers,2025-26,Playoffs,2026-05-19,1610612743,DEN,Denver Nuggets,False,True,W,240.0,126,52,78,16,30,14,20,15,28,43,24,8,9,13,15,41
