player_id,as_of_date,season,season_type,usage_rate,ts_pct
2544,2026-05-19,2025-26,Playoffs,37.4,0.735
203076,2026-05-19,2025-26,Playoffs,32.3,0.789
203914,2026-05-19,2025-26,Playoffs,19.8,0.513
203999,2026-05-19,2025-26,Playoffs,37.8,0.712
1626156,2026-05-19,2025-26,Playoffs,21.6,0.523
1627750,2026-05-19,2025-26,Playoffs,34.5,0.684
1628420,2026-05-19,2025-26,Playoffs,26.4,0.538
1629020,2026-05-19,2025-26,Playoffs,22.7,0.413
1629029,2026-05-19,2025-26,Playoffs,36.7,0.726
1630166,2026-05-19,2025-26,Playoffs,16.5,0.309
1630559,2026-05-19,2025-26,Playoffs,24.2,0.547
1631128,2026-05-19,2025-26,Playoffs,20.2,0.11
