game_id,team_id,team_abbr,team_name,player_id,player_name,season,season_type,game_date,opponent_team_id,opponent_team_abbr,opponent_team_name,is_home,is_away,wl,minutes,pts,fgm,fga,fg3m,fg3a,ftm,fta,oreb,dreb,reb,ast,stl,blk,tov,pf,plus_minus
0000000541,1610612747,LAL,Los Angeles Lakers,2544,LeBron James,2025-26,Playoffs,2026-05-09,1610612743,DEN,Denver Nuggets,True,False,W,19.2,27,10,18,2,7,0,1,2,5,7,10,2,3,5,5,8
0000000541,1610612747,LAL,Los Angeles Lakers,1629029,Luka Dončić,2025-26,Playoffs,2026-05-09,1610612743,DEN,Denver Nuggets,True,False,W,20.8,29,11,18,2,4,1,1,4,3,7,8,0,1,5,2,-18
0000000541,1610612747,LAL,Los Angeles Lakers,203076,Anthony Davis,2025-26,Playoffs,2026-05-09,1610612743,DEN,Denver Nuggets,True,False,W,31.0,30,12,17,0,0,3,5,1,8,9,1,2,1,0,0,5
0000000541,1610612747,LAL,Los Angeles Lakers,1630559,Austin Reaves,2025-26,Playoffs,2026-05-09,1610612743,DEN,Denver Nuggets,True,False,W,26.1,18,7,11,0,5,1,3,2,1,3,3,1,3,1,3,6
0000000541,1610612747,LAL,Los Angeles Lakers,1626156,Dalton Knecht,2025-26,Playoffs,2026-05-09,1610612743,DEN,Denver Nuggets,True,False,W,18.8,14,5,9,3,4,3,4,0,8,8,0,4,3,0,0,-3
0000000541,1610612747,LAL,Los Angeles Lakers,1629020,Rui Hachimura,2025-26,Playoffs,2026-05-09,1610612743,DEN,Denver Nuggets,True,False,W,33.6,6,2,9,0,1,3,3,4,2,6,1,0,3,0,2,-14
0000000541,1610612743,DEN,Denver Nuggets,203999,Nikola Jokić,2025-26,Playoffs,2026-05-09,1610612747,LAL,Los Angeles Lakers,False,True,L,26.9,39,15,25,0,0,0,0,2,11,13,8,4,1,3,2,7
0000000541,1610612743,DEN,Denver Nuggets,1627750,Jamal Murray,2025-26,Playoffs,2026-05-09,1610612747,LAL,Los Angeles Lakers,False,True,L,30.1,22,8,14,6,10,0,0,0,0,0,4,3,3,5,3,-13
0000000541,1610612743,DEN,Denver Nuggets,1628420,Aaron Gordon,2025-26,Playoffs,2026-05-09,1610612747,LAL,Los Angeles Lakers,False,True,L,21.2,4,1,5,0,1,5,6,1,3,4,5,3,1,1,1,15
0000000541,1610612743,DEN,Denver Nuggets,1630166,Christian Braun,2025-26,Playoffs,2026-05-09,1610612747,LAL,Los Angeles Lakers,False,True,L,20.5,2,1,5,1,5,2,5,0,2,2,0,0,0,2,1,-14
0000000541,1610612743,DEN,Denver Nuggets,203914,Kentavious Caldwell-Pope,2025-26,Playoffs,2026-05-09,1610612747,LAL,Los Angeles Lakers,False,True,L,31.3,8,3,8,1,2,2,7,1,3,4,0,0,1,5,5,-16
0000000541,1610612743,DEN,Denver Nuggets,1631128,Peyton Watson,2025-26,Playoffs,2026-05-09,1610612747,LAL,Los Angeles Lakers,False,True,L,30.2,0,9,9,9,9,0,3,3,0,3,0,1,3,2,5,-6
0000000542,1610612743,DEN,Denver Nuggets,203999,Nikola Jokić,2025-26,Playoffs,2026-05-11,1610612747,LAL,Los Angeles Lakers,True,False,L,32.7,21,8,14,0,0,2,5,0,12,12,6,0,1,4,1,10
0000000542,1610612743,DEN,Denver Nuggets,1627750,Jamal Murray,2025-26,Playoffs,2026-05-11,1610612747,LAL,Los Angeles Lakers,True,False,L,36.3,26,10,17,2,7,1,2,0,0,0,7,0,3,0,3,-14
0000000542,1610612743,DEN,Denver Nuggets,1628420,Aaron Gordon,2025-26,Playoffs,2026-05-11,1610612747,LAL,Los Angeles Lakers,True,False,L,19.0,20,8,12,0,4,8,8,0,9,9,5,4,1,0,0,11
0000000542,1610612743,DEN,Denver Nuggets,1630166,Christian Braun,2025-26,Playoffs,2026-05-11,1610612747,LAL,Los Angeles Lakers,True,False,L,36.1,0,2,4,2,2,1,2,0,0,0,3,3,2,3,2,-5
0000000542,1610612743,DEN,Denver Nuggets,203914,Kentavious Caldwell-Pope,2025-26,Playoffs,2026-05-11,1610612747,LAL,Los Angeles Lakers,True,False,L,18.9,15,6,10,1,2,1,1,3,0,3,2,0,1,1,2,12
0000000542,1610612743,DEN,Denver Nuggets,1631128,Peyton Watson,2025-26,Playoffs,2026-05-11,1610612747,LAL,Los Angeles Lakers,True,False,L,19.9,2,2,7,2,2,0,4,3,0,3,1,0,1,1,3,6
0000000542,1610612747,LAL,Los Angeles Lakers,2544,LeBron James,2025-26,Playoffs,2026-05-11,1610612743,DEN,Denver Nuggets,False,True,W,34.1,26,10,19,0,3,0,2,0,11,11,7,2,2,5,0,-4
0000000542,1610612747,LAL,Los Angeles Lakers,1629029,Luka Dončić,2025-26,Playoffs,2026-05-11,1610612743,DEN,Denver Nuggets,False,True,W,21.6,26,10,17,7,8,8,8,2,10,12,7,1,1,1,3,14
0000000542,1610612747,LAL,Los Angeles Lakers,203076,Anthony Davis,2025-26,Playoffs,2026-05-11,1610612743,DEN,Denver Nuggets,False,True,W,25.1,21,8,13,0,0,0,0,2,4,6,0,2,0,1,2,15
0000000542,1610612747,LAL,Los Angeles Lakers,1630559,Austin Reaves,2025-26,Playoffs,2026-05-11,1610612743,DEN,Denver Nuggets,False,True,W,24.2,19,7,12,6,10,4,5,2,0,2,7,1,1,0,1,14
0000000542,1610612747,LAL,Los Angeles Lakers,1626156,Dalton Knecht,2025-26,Playoffs,2026-05-11,1610612743,DEN,Denver Nuggets,False,True,W,27.1,13,5,12,2,6,0,8,0,3,3,2,1,2,4,1,-10
0000000542,1610612747,LAL,Los Angeles Lakers,1629020,Rui Hachimura,2025-26,Playoffs,2026-05-11,1610612743,DEN,Denver Nuggets,False,True,W,26.3,9,4,10,4,5,1,1,4,2,6,2,3,0,1,2,8
0000000543,1610612747,LAL,Los Angeles Lakers,2544,LeBron James,2025-26,Playoffs,2026-05-13,1610612743,DEN,Denver Nuggets,True,False,W,26.4,17,6,13,0,1,1,1,1,2,3,10,0,2,0,3,10
0000000543,1610612747,LAL,Los Angeles Lakers,1629029,Luka Dončić,2025-26,Playoffs,2026-05-13,1610612743,DEN,Denver Nuggets,True,False,W,18.3,33,13,17,2,7,0,2,3,6,9,8,3,3,3,5,-15
0000000543,1610612747,LAL,Los Angeles Lakers,203076,Anthony Davis,2025-26,Playoffs,2026-05-13,1610612743,DEN,Denver Nuggets,True,False,W,34.9,29,11,15,0,3,0,0,2,11,13,1,0,3,1,4,-12
0000000543,1610612747,LAL,Los Angeles Lakers,1630559,Austin Reaves,2025-26,Playoffs,2026-05-13,1610612743,DEN,Denver Nuggets,True,False,W,23.6,17,6,13,0,0,2,7,3,1,4,3,3,0,3,3,-7
0000000543,1610612747,LAL,Los Angeles Lakers,1626156,Dalton Knecht,2025-26,Playoffs,2026-05-13,1610612743,DEN,Denver Nuggets,True,False,W,34.2,20,8,11,1,2,0,1,0,0,0,3,4,2,5,1,5
0000000543,1610612747,LAL,Los Angeles Lakers,1629020,Rui Hachimura,2025-26,Playoffs,2026-05-13,1610612743,DEN,Denver Nuggets,True,False,W,31.8,7,2,9,1,2,3,6,1,1,2,0,0,0,0,5,-6
0000000543,1610612743,DEN,Denver Nuggets,203999,Nikola Jokić,2025-26,Playoffs,2026-05-13,1610612747,LAL,Los Angeles Lakers,False,True,L,30.4,33,13,19,0,0,5,5,3,9,12,8,1,2,1,1,-3
0000000543,1610612743,DEN,Denver Nuggets,1627750,Jamal Murray,2025-26,Playoffs,2026-05-13,1610612747,LAL,Los Angeles Lakers,False,True,L,23.7,17,6,14,1,1,5,5,2,6,8,7,4,2,3,4,-17
0000000543,1610612743,DEN,Denver Nuggets,1628420,Aaron Gordon,2025-26,Playoffs,2026-05-13,1610612747,LAL,Los Angeles Lakers,False,True,L,22.9,16,6,14,3,8,7,8,1,0,1,2,1,2,4,0,0
0000000543,1610612743,DEN,Denver Nuggets,1630166,Christian Braun,2025-26,Playoffs,2026-05-13,1610612747,LAL,Los Angeles Lakers,False,True,L,25.4,10,4,9,1,9,0,8,0,0,0,1,1,3,0,5,13
0000000543,1610612743,DEN,Denver Nuggets,203914,Kentavious Caldwell-Pope,2025-26,Playoffs,2026-05-13,1610612747,LAL,Los Angeles Lakers,False,True,L,30.7,10,4,8,0,7,4,8,1,0,1,1,3,1,3,0,-3
0000000543,1610612743,DEN,Denver Nuggets,1631128,Peyton Watson,2025-26,Playoffs,2026-05-13,1610612747,LAL,Los Angeles Lakers,False,True,L,24.2,2,8,10,8,10,1,1,3,2,5,0,3,3,0,0,-18
0000000544,1610612743,DEN,Denver Nuggets,203999,Nikola Jokić,2025-26,Playoffs,2026-05-15,1610612747,LAL,Los Angeles Lakers,True,False,W,31.1,29,11,20,1,2,1,1,4,13,17,12,0,2,4,1,-18
0000000544,1610612743,DEN,Denver Nuggets,1627750,Jamal Murray,2025-26,Playoffs,2026-05-15,1610612747,LAL,Los Angeles Lakers,True,False,W,19.5,28,11,20,4,8,0,0,1,12,13,6,4,0,2,5,-3
0000000544,1610612743,DEN,Denver Nuggets,1628420,Aaron Gordon,2025-26,Playoffs,2026-05-15,1610612747,LAL,Los Angeles Lakers,True,False,W,26.3,22,8,13,0,7,3,6,2,0,2,3,2,1,5,0,-9
0000000544,1610612743,DEN,Denver Nuggets,1630166,Christian Braun,2025-26,Playoffs,2026-05-15,1610612747,LAL,Los Angeles Lakers,True,False,W,21.2,6,7,9,7,9,0,0,2,4,6,1,4,3,5,4,11
0000000544,1610612743,DEN,Denver Nuggets,203914,Kentavious Caldwell-Pope,2025-26,Playoffs,2026-05-15,1610612747,LAL,Los Angeles Lakers,True,False,W,28.2,9,5,9,5,8,1,3,3,1,4,1,4,2,2,0,-11
0000000544,1610612743,DEN,Denver Nuggets,1631128,Peyton Watson,2025-26,Playoffs,2026-05-15,1610612747,LAL,Los Angeles Lakers,True,False,W,19.0,10,7,9,7,8,0,0,2,2,4,1,1,3,4,3,6
0000000544,1610612747,LAL,Los Angeles Lakers,2544,LeBron James,2025-26,Playoffs,2026-05-15,1610612743,DEN,Denver Nuggets,False,True,L,19.4,38,15,20,0,0,1,2,0,5,5,9,1,0,4,3,-4
0000000544,1610612747,LAL,Los Angeles Lakers,1629029,Luka Dončić,2025-26,Playoffs,2026-05-15,1610612743,DEN,Denver Nuggets,False,True,L,30.9,26,10,19,2,5,1,1,3,0,3,9,4,3,5,3,10
0000000544,1610612747,LAL,Los Angeles Lakers,203076,Anthony Davis,2025-26,Playoffs,2026-05-15,1610612743,DEN,Denver Nuggets,False,True,L,37.9,21,8,16,0,0,1,1,3,8,11,3,1,0,3,5,-5
0000000544,1610612747,LAL,Los Angeles Lakers,1630559,Austin Reaves,2025-26,Playoffs,2026-05-15,1610612743,DEN,Denver Nuggets,False,True,L,25.5,8,6,10,6,9,0,7,3,0,3,3,3,3,2,3,-7
0000000544,1610612747,LAL,Los Angeles Lakers,1626156,Dalton Knecht,2025-26,Playoffs,2026-05-15,1610612743,DEN,Denver Nuggets,False,True,L,20.6,0,4,9,4,9,1,1,2,2,4,1,4,3,2,1,12
0000000544,1610612747,LAL,Los Angeles Lakers,1629020,Rui Hachimura,2025-26,Playoffs,2026-05-15,1610612743,DEN,Denver Nuggets,False,True,L,20.2,4,7,10,7,10,1,3,2,0,2,0,1,1,1,5,-8
0000000545,1610612747,LAL,Los Angeles Lakers,2544,LeBron James,2025-26,Playoffs,2026-05-17,1610612743,DEN,Denver Nuggets,True,False,W,19.3,25,10,17,9,9,0,4,3,7,10,7,0,0,1,5,3
0000000545,1610612747,LAL,Los Angeles Lakers,1629029,Luka Dončić,2025-26,Playoffs,2026-05-17,1610612743,DEN,Denver Nuggets,True,False,W,37.8,18,7,14,3,10,3,5,0,6,6,7,4,3,4,2,9
0000000545,1610612747,LAL,Los Angeles Lakers,203076,Anthony Davis,2025-26,Playoffs,2026-05-17,1610612743,DEN,Denver Nuggets,True,False,W,18.5,24,9,14,3,3,4,7,4,15,19,6,1,3,0,2,4
0000000545,1610612747,LAL,Los Angeles Lakers,1630559,Austin Reaves,2025-26,Playoffs,2026-05-17,1610612743,DEN,Denver Nuggets,True,False,W,33.3,9,3,5,0,2,6,6,2,0,2,5,3,2,5,1,-1
0000000545,1610612747,LAL,Los Angeles Lakers,1626156,Dalton Knecht,2025-26,Playoffs,2026-05-17,1610612743,DEN,Denver Nuggets,True,False,W,19.2,7,2,9,1,9,1,1,0,0,0,2,3,1,2,4,-3
0000000545,1610612747,LAL,Los Angeles Lakers,1629020,Rui Hachimura,2025-26,Playoffs,2026-05-17,1610612743,DEN,Denver Nuggets,True,False,W,19.7,16,6,13,0,0,0,3,0,3,3,2,0,0,3,3,15
0000000545,1610612743,DEN,Denver Nuggets,203999,Nikola Jokić,2025-26,Playoffs,2026-05-17,1610612747,LAL,Los Angeles Lakers,False,True,L,20.1,15,6,12,1,1,0,0,1,12,13,6,3,0,5,4,-2
0000000545,1610612743,DEN,Denver Nuggets,1627750,Jamal Murray,2025-26,Playoffs,2026-05-17,1610612747,LAL,Los Angeles Lakers,False,True,L,29.0,17,6,14,0,0,3,6,0,0,0,5,4,2,4,2,13
0000000545,1610612743,DEN,Denver Nuggets,1628420,Aaron Gordon,2025-26,Playoffs,2026-05-17,1610612747,LAL,Los Angeles Lakers,False,True,L,33.0,15,6,13,3,5,2,3,2,6,8,3,2,2,1,4,-12
0000000545,1610612743,DEN,Denver Nuggets,1630166,Christian Braun,2025-26,Playoffs,2026-05-17,1610612747,LAL,Los Angeles Lakers,False,True,L,24.5,14,8,10,8,9,1,8,3,1,4,2,0,2,5,4,3
0000000545,1610612743,DEN,Denver Nuggets,203914,Kentavious Caldwell-Pope,2025-26,Playoffs,2026-05-17,1610612747,LAL,Los Angeles Lakers,False,True,L,26.3,11,4,10,1,5,1,6,0,0,0,0,0,2,5,1,-7
0000000545,1610612743,DEN,Denver Nuggets,1631128,Peyton Watson,2025-26,Playoffs,2026-05-17,1610612747,LAL,Los Angeles Lakers,False,True,L,25.6,0,2,10,2,10,3,4,0,2,2,0,2,2,0,5,-2
0000000546,1610612743,DEN,Denver Nuggets,203999,Nikola Jokić,2025-26,Playoffs,2026-05-19,1610612747,LAL,Los Angeles Lakers,True,False,L,34.9,19,7,13,0,0,0,4,3,9,12,10,4,3,5,0,-17
0000000546,1610612743,DEN,Denver Nuggets,1627750,Jamal Murray,2025-26,Playoffs,2026-05-19,1610612747,LAL,Los Angeles Lakers,True,False,L,33.6,27,10,15,1,9,0,1,3,3,6,8,1,0,0,2,3
0000000546,1610612743,DEN,Denver Nuggets,1628420,Aaron Gordon,2025-26,Playoffs,2026-05-19,1610612747,LAL,Los Angeles Lakers,True,False,L,18.8,19,7,15,0,0,5,8,0,0,0,5,4,0,0,2,-2
0000000546,1610612743,DEN,Denver Nuggets,1630166,Christian Braun,2025-26,Playoffs,2026-05-19,1610612747,LAL,Los Angeles Lakers,True,False,L,31.1,4,6,8,6,8,7,7,2,2,4,0,1,1,5,5,-9
0000000546,1610612743,DEN,Denver Nuggets,203914,Kentavious Caldwell-Pope,2025-26,Playoffs,2026-05-19,1610612747,LAL,Los Angeles Lakers,True,False,L,23.4,16,6,9,5,7,5,5,0,0,0,2,0,0,5,3,2
0000000546,1610612743,DEN,Denver Nuggets,1631128,Peyton Watson,2025-26,Playoffs,2026-05-19,1610612747,LAL,Los Angeles Lakers,True,False,L,23.3,0,1,10,1,10,0,8,0,0,0,2,3,1,5,4,-18
0000000546,1610612747,LAL,Los Angeles Lakers,2544,LeBron James,2025-26,Playoffs,2026-05-19,1610612743,DEN,Denver Nuggets,False,True,W,32.0,28,11,15,0,3,6,7,3,6,9,7,2,2,2,3,-18
0000000546,1610612747,LAL,Los Angeles Lakers,1629029,Luka Dončić,2025-26,Playoffs,2026-05-19,1610612743,DEN,Denver Nuggets,False,True,W,21.5,24,9,15,1,7,0,0,1,9,10,8,0,1,1,5,14
0000000546,1610612747,LAL,Los Angeles Lakers,203076,Anthony Davis,2025-26,Playoffs,2026-05-19,1610612743,DEN,Denver Nuggets,False,True,W,29.1,25,10,13,0,0,3,3,4,7,11,3,1,2,3,1,14
0000000546,1610612747,LAL,Los Angeles Lakers,1630559,Austin Reaves,2025-26,Playoffs,2026-05-19,1610612743,DEN,Denver Nuggets,False,True,W,19.8,18,10,15,10,10,3,7,1,0,1,4,0,0,2,0,14
0000000546,1610612747,LAL,Los Angeles Lakers,1626156,Dalton Knecht,2025-26,Playoffs,2026-05-19,1610612743,DEN,Denver Nuggets,False,True,W,37.9,16,6,9,5,6,2,3,3,4,7,0,4,2,2,3,-3
0000000546,1610612747,LAL,Los Angeles Lakers,1629020,Rui Hachimura,2025-26,Playoffs,2026-05-19,1610612743,DEN,Denver Nuggets,False,True,W,34.4,15,6,11,0,4,0,0,3,2,5,2,1,2,3,3,-16
