player_id,team_id,season,stint,player_name,jersey_number,position,height,weight,birth_date,experience_years,school
203999,1610612743,2024-25,1,Nikola Jokić,10,C,6-7,220,1995-01-01,8,Fixture University
1627750,1610612743,2024-25,1,Jamal Murray,11,G,6-7,220,1995-01-01,7,Fixture University
1628420,1610612743,2024-25,1,Aaron Gordon,12,F,6-7,220,1995-01-01,9,Fixture University
1630166,1610612743,2024-25,1,Christian Braun,13,G-F,6-7,220,1995-01-01,1,Fixture University
203914,1610612743,2024-25,1,Kentavious Caldwell-Pope,14,G,6-7,220,1995-01-01,10,Fixture University
1631128,1610612743,2024-25,1,Peyton Watson,15,F,6-7,220,1995-01-01,1,Fixture University
2544,1610612747,2024-25,1,LeBron James,16,F,6-7,220,1995-01-01,20,Fixture University
1629029,1610612747,2024-25,1,Luka Dončić,17,G,6-7,220,1995-01-01,5,Fixture University
203076,1610612747,2024-25,1,Anthony Davis,18,C-F,6-7,220,1995-01-01,11,Fixture University
1630559,1610612747,2024-25,1,Austin Reaves,19,G,6-7,220,1995-01-01,2,Fixture University
1626156,1610612747,2024-25,1,Dalton Knecht,20,G-F,6-7,220,1995-01-01,0,Fixture University
1629020,1610612747,2024-25,1,Rui Hachimura,21,F,6-7,220,1995-01-01,4,Fixture University
1628369,1610612738,2024-25,1,Jayson Tatum,22,F,6-7,220,1995-01-01,6,Fixture University
1627759,1610612738,2024-25,1,Jaylen Brown,23,G-F,6-7,220,1995-01-01,7,Fixture University
201950,1610612738,2024-25,1,Jrue Holiday,24,G,6-7,220,1995-01-01,14,Fixture University
1628464,1610612738,2024-25,1,Derrick White,25,G,6-7,220,1995-01-01,6,Fixture University
203935,1610612738,2024-25,1,Kristaps Porziņģis,26,C,6-7,220,1995-01-01,7,Fixture University
1629057,1610612738,2024-25,1,Robert Williams,27,C-F,6-7,220,1995-01-01,5,Fixture University
1628973,1610612752,2024-25,1,Jalen Brunson,28,G,6-7,220,1995-01-01,5,Fixture University
1626164,1610612752,2024-25,1,Isaiah Hartenstein,29,C,6-7,220,1995-01-01,9,Fixture University
1629628,1610612752,2024-25,1,RJ Barrett,30,G-F,6-7,220,1995-01-01,4,Fixture University
1630193,1610612752,2024-25,1,Immanuel Quickley,31,G,6-7,220,1995-01-01,3,Fixture University
203944,1610612752,2024-25,1,Julius Randle,32,F-C,6-7,220,1995-01-01,9,Fixture University
1631216,1610612752,2024-25,1,Miles McBride,33,G,6-7,220,1995-01-01,2,Fixture University
201939,1610612744,2024-25,1,Stephen Curry,34,G,6-7,220,1995-01-01,14,Fixture University
202691,1610612744,2024-25,1,Klay Thompson,35,G-F,6-7,220,1995-01-01,12,Fixture University
203110,1610612744,2024-25,1,Draymond Green,36,F-C,6-7,220,1995-01-01,11,Fixture University
1630228,1610612744,2024-25,1,Jonathan Kuminga,37,F,6-7,220,1995-01-01,3,Fixture University
1626172,1610612744,2024-25,1,Kevon Looney,38,C,6-7,220,1995-01-01,8,Fixture University
1630541,1610612744,2024-25,1,Brandin Podziemski,39,G,6-7,220,1995-01-01,1,Fixture University
202710,1610612748,2024-25,1,Jimmy Butler,40,F-G,6-7,220,1995-01-01,13,Fixture University
1629639,1610612748,2024-25,1,Tyler Herro,41,G,6-7,220,1995-01-01,5,Fixture University
202355,1610612748,2024-25,1,Bam Adebayo,42,C,6-7,220,1995-01-01,7,Fixture University
1631107,1610612748,2024-25,1,Jaime Jaquez,43,G-F,6-7,220,1995-01-01,1,Fixture University
203482,1610612748,2024-25,1,Kelly Olynyk,44,C-F,6-7,220,1995-01-01,11,Fixture University
1630217,1610612748,2024-25,1,Caleb Martin,45,F,6-7,220,1995-01-01,2,Fixture University
