game_id,season,season_type,team_id,player_id,starter_position_raw,starter_flag,role_source,role_source_trusted,starter_count_for_team_game,role_validation_reason
0000000541,2025-26,Playoffs,1610612747,2544,F,True,fixture,True,5,
0000000541,2025-26,Playoffs,1610612747,1629029,G,True,fixture,True,5,
0000000541,2025-26,Playoffs,1610612747,203076,C-F,True,fixture,True,5,
0000000541,2025-26,Playoffs,1610612747,1630559,G,True,fixture,True,5,
0000000541,2025-26,Playoffs,1610612747,1626156,G-F,False,fixture,True,5,
0000000541,2025-26,Playoffs,1610612747,1629020,F,True,fixture,True,5,
0000000541,2025-26,Playoffs,1610612743,203999,C,True,fixture,True,5,
0000000541,2025-26,Playoffs,1610612743,1627750,G,True,fixture,True,5,
0000000541,2025-26,Playoffs,1610612743,1628420,F,True,fixture,True,5,
0000000541,2025-26,Playoffs,1610612743,1630166,G-F,True,fixture,True,5,
0000000541,2025-26,Playoffs,1610612743,203914,G,True,fixture,True,5,
0000000541,2025-26,Playoffs,1610612743,1631128,F,False,fixture,True,5,
0000000542,2025-26,Playoffs,1610612743,203999,C,True,fixture,True,5,
0000000542,2025-26,Playoffs,1610612743,1627750,G,True,fixture,True,5,
0000000542,2025-26,Playoffs,1610612743,1628420,F,True,fixture,True,5,
0000000542,2025-26,Playoffs,1610612743,1630166,G-F,True,fixture,True,5,
0000000542,2025-26,Playoffs,1610612743,203914,G,True,fixture,True,5,
0000000542,2025-26,Playoffs,1610612743,1631128,F,False,fixture,True,5,
0000000542,2025-26,Playoffs,1610612747,2544,F,True,fixture,True,5,
0000000542,2025-26,Playoffs,1610612747,1629029,G,True,fixture,True,5,
0000000542,2025-26,Playoffs,1610612747,203076,C-F,True,fixture,True,5,
0000000542,2025-26,Playoffs,1610612747,1630559,G,True,fixture,True,5,
0000000542,2025-26,Playoffs,1610612747,1626156,G-F,False,fixture,True,5,
0000000542,2025-26,Playoffs,1610612747,1629020,F,True,fixture,True,5,
0000000543,2025-26,Playoffs,1610612747,2544,F,True,fixture,True,5,
0000000543,2025-26,Playoffs,1610612747,1629029,G,True,fixture,True,5,
0000000543,2025-26,Playoffs,1610612747,203076,C-F,True,fixture,True,5,
0000000543,2025-26,Playoffs,1610612747,1630559,G,True,fixture,True,5,
0000000543,2025-26,Playoffs,1610612747,1626156,G-F,False,fixture,True,5,
0000000543,2025-26,Playoffs,1610612747,1629020,F,True,fixture,True,5,
0000000543,2025-26,Playoffs,1610612743,203999,C,True,fixture,True,5,
0000000543,2025-26,Playoffs,1610612743,1627750,G,True,fixture,True,5,
0000000543,2025-26,Playoffs,1610612743,1628420,F,True,fixture,True,5,
0000000543,2025-26,Playoffs,1610612743,1630166,G-F,True,fixture,True,5,
0000000543,2025-26,Playoffs,1610612743,203914,G,True,fixture,True,5,
0000000543,2025-26,Playoffs,1610612743,1631128,F,False,fixture,True,5,
0000000544,2025-26,Playoffs,1610612743,203999,C,True,fixture,True,5,
0000000544,2025-26,Playoffs,1610612743,1627750,G,True,fixture,True,5,
0000000544,2025-26,Playoffs,1610612743,1628420,F,True,fixture,True,5,
0000000544,2025-26,Playoffs,1610612743,1630166,G-F,True,fixture,True,5,
0000000544,2025-26,Playoffs,1610612743,203914,G,True,fixture,True,5,
0000000544,2025-26,Playoffs,1610612743,1631128,F,False,fixture,True,5,
0000000544,2025-26,Playoffs,1610612747,2544,F,True,fixture,True,5,
0000000544,2025-26,Playoffs,1610612747,1629029,G,True,fixture,True,5,
0000000544,2025-26,Playoffs,1610612747,203076,C-F,True,fixture,True,5,
0000000544,2025-26,Playoffs,1610612747,1630559,G,True,fixture,True,5,
0000000544,2025-26,Playoffs,1610612747,1626156,G-F,False,fixture,True,5,
0000000544,2025-26,Playoffs,1610612747,1629020,F,True,fixture,True,5,
0000000545,2025-26,Playoffs,1610612747,2544,F,True,fixture,True,5,
0000000545,2025-26,Playoffs,1610612747,1629029,G,True,fixture,True,5,
0000000545,2025-26,Playoffs,1610612747,203076,C-F,True,fixture,True,5,
0000000545,2025-26,Playoffs,1610612747,1630559,G,True,fixture,True,5,
0000000545,2025-26,Playoffs,1610612747,1626156,G-F,False,fixture,True,5,
0000000545,2025-26,Playoffs,1610612747,1629020,F,True,fixture,True,5,
0000000545,2025-26,Playoffs,1610612743,203999,C,True,fixture,True,5,
0000000545,2025-26,Playoffs,1610612743,1627750,G,True,fixture,True,5,
0000000545,2025-26,Playoffs,1610612743,1628420,F,True,fixture,True,5,
0000000545,2025-26,Playoffs,1610612743,1630166,G-F,True,fixture,True,5,
0000000545,2025-26,Playoffs,1610612743,203914,G,True,fixture,True,5,
0000000545,2025-26,Playoffs,1610612743,1631128,F,False,fixture,True,5,
0000000546,2025-26,Playoffs,1610612743,203999,C,True,fixture,True,5,
0000000546,2025-26,Playoffs,1610612743,1627750,G,True,fixture,True,5,
0000000546,2025-26,Playoffs,1610612743,1628420,F,True,fixture,True,5,
0000000546,2025-26,Playoffs,1610612743,1630166,G-F,True,fixture,True,5,
0000000546,2025-26,Playoffs,1610612743,203914,G,True,fixture,True,5,
0000000546,2025-26,Playoffs,1610612743,1631128,F,False,fixture,True,5,
0000000546,2025-26,Playoffs,1610612747,2544,F,True,fixture,True,5,
0000000546,2025-26,Playoffs,1610612747,1629029,G,True,fixture,True,5,
0000000546,2025-26,Playoffs,1610612747,203076,C-F,True,fixture,True,5,
0000000546,2025-26,Playoffs,1610612747,1630559,G,True,fixture,True,5,
0000000546,2025-26,Playoffs,1610612747,1626156,G-F,False,fixture,True,5,
0000000546,2025-26,Playoffs,1610612747,1629020,F,True,fixture,True,5,
